result_label,n,pct
Home win,24130,0.4898796110197535
Draw,11202,0.22741945307265973
Away win,13925,0.2827009359075867
