data_split,rows,prop
test,7384,0.1673313995649021
train,36744,0.8326686004350979
