data_split,matches,prop
test,7961,0.1616216984388006
train,41296,0.8383783015611994
