model,split,n,log_loss,brier,accuracy,macro_f1
frequency_baseline,test,7384,1.0552077475540864,0.6367926938098607,0.47223726977248104,0.21384110630730074
frequency_baseline,validation,7349,1.0504541585318725,0.6331256305462177,0.48115389848959045,0.21656714132598381
majority_baseline,test,7384,2.439977661865084,1.024459696641387,0.47223726977248104,0.21384110630730074
majority_baseline,validation,7349,2.3990952091777578,1.0071614369301942,0.48115389848959045,0.21656714132598381
rating_diff_multinom,test,7384,0.8788219768671787,0.5183440489953284,0.5922264355362947,0.4326884333106296
rating_diff_multinom,validation,7349,0.9006020139318468,0.5316239790371551,0.5867464961219213,0.4259730414297607
rating_diff_neutral_multinom,test,7384,0.8729306779719341,0.514235160959876,0.5983206933911159,0.43919269187523335
rating_diff_neutral_multinom,validation,7349,0.8939701412127339,0.5271239650209865,0.5860661314464553,0.4264205833662739
