abs_rating_diff_bucket,outcome,n,bucket_n,outcome_rate
"[-Inf,25]",D,1107,3920,0.2823979591836735
"(25,50]",D,1053,3685,0.285753052917232
"(50,100]",D,1924,7161,0.2686775590001396
"(100,150]",D,1790,6403,0.2795564579103545
"(150,250]",D,2564,10629,0.24122683225138772
"(250,400]",D,1881,9416,0.19976635514018692
"(400, Inf]",D,625,6100,0.10245901639344263
