outcome,n,prop
H,24130,0.4898796110197535
D,11202,0.22741945307265973
A,13925,0.2827009359075867
