column,n,missing_percent,mean,sd,min,p01,p05,p25,median,p75,p95,p99,max
away_rating_pre_match,46151,6.31,1521.925808758184,290.5185149692873,405,709.5,985,1345,1542,1727,1968,2077,2234
home_rating_pre_match,46313,5.98,1535.3451298771652,282.5048983016652,396,776.12,1050,1353,1548,1735,1977,2086.8799999999974,2223
rating_age_days_away,46151,6.31,63.20049403045269,290.28922939491974,1,1,2,4,14,50,224.5,717.5,21079
rating_age_days_home,46313,5.98,60.19549586509973,255.71561495024898,1,1,2,4,14,51,218,659,16275
rating_diff,44128,10.41,14.342752900656427,270.3200602199856,-1238,-662,-425,-158,14,186,452.65000000000146,688.7300000000032,1234
season,49257,0,1993.7181314330753,25.401970816097545,1872,1916,1939,1980,2000,2013,2023,2025,2026
