feature,outcome,n,mean,median,p95,max
rating_age_days_away,H,23315,73.92279648295366,14,272,21079
rating_age_days_away,D,11037,50.90069765334725,14,179.1999999999989,8768
rating_age_days_away,A,13522,53.821106345213,10,178,17612
rating_age_days_home,H,23495,57.705979995739014,14,204,12453
rating_age_days_home,D,11002,52.82403199418245,14,181.9499999999989,13557
rating_age_days_home,A,13387,70.96825278254597,14,259,16275
