stage,feature_variant,model,selection_split,n,log_loss,accuracy,macro_f1,draw_recall,draw_precision,predicted_draw_rate,actual_draw_rate,mean_pred_D,median_pred_D
baseline,NA,draw_aware_quadratic_multinom,validation,7349,0.8925895119601893,0.5872907878622942,0.42718980129689704,NA,NA,NA,NA,NA,NA
baseline,NA,draw_aware_quadratic_multinom,test,7384,0.8718854549396733,0.5973726977248104,0.4381089456466341,NA,NA,NA,NA,NA,NA
model_24_safe_features,NA,lightgbm,validation,7615,0.8934398018313399,0.5871306631648063,0.4285777491998591,NA,NA,NA,NA,NA,NA
model_24_safe_features,NA,lightgbm,test,7562,0.8741575819111138,0.5949484263422375,0.4356705148207604,NA,NA,NA,NA,NA,NA
model_26_draw_aware_elo,draw_abs_only,lightgbm,validation,7615,0.8934086472177162,0.5858174655285621,0.42779021849787446,0.00110619469026548,0.6666666666666666,3.939592908732764e-4,0.23742613263296125,0.22330205590988145,0.24954693100188732
model_26_draw_aware_elo,draw_abs_only,lightgbm,test,7562,0.8743237826904741,0.5942872256016927,0.43523975142680255,0,0,0,0.2359164242263951,0.21262946541247751,0.23911917394086107
model_28_lagged_form,safe_plus_form_compact,lightgbm,validation,7366,0.8930908332850942,0.5859353787673093,0.4332196745042845,0.0102974828375286,0.4390243902439024,0.00556611458050502,0.2373065435786044,0.23048655514312336,0.2559912994705656
model_28_lagged_form,safe_plus_form_compact,lightgbm,test,7561,0.8728460776947174,0.5950271128157651,0.43741126579979545,0.00112107623318385,0.09523809523809525,0.00277741039545033,0.2359476259754001,0.2191454925939283,0.24397018152761152
