feature_variant,model,split,n,log_loss,accuracy,macro_f1,draw_recall,draw_precision,predicted_draw_rate,actual_draw_rate,mean_pred_D,median_pred_D,mean_max_pred_prob,mean_true_class_prob,selection_split,selection_rule
safe_plus_form_compact,lightgbm,validation,7366,0.8930908332850942,0.5859353787673093,0.4332196745042845,0.0102974828375286,0.4390243902439024,0.00556611458050502,0.2373065435786044,0.23048655514312336,0.2559912994705656,0.5942232251321861,0.4781930776274766,validation,best validation log loss within model_28_metrics.csv
safe_plus_form_compact,lightgbm,test,7561,0.8728460776947174,0.5950271128157651,0.43741126579979545,0.00112107623318385,0.09523809523809525,0.00277741039545033,0.2359476259754001,0.2191454925939283,0.24397018152761152,0.6140005001951466,0.49313633240992494,test,best validation log loss within model_28_metrics.csv
