feature_variant,model,split,n,log_loss,accuracy,macro_f1,draw_recall,draw_precision,predicted_draw_rate,actual_draw_rate,mean_pred_D,median_pred_D,mean_max_pred_prob,mean_true_class_prob,selection_split,selection_rule
safe_plus_form_compact,lightgbm,validation,6820,0.8915169777591728,0.5856304985337243,0.43001525887748665,0.00493218249075215,0.34782608695652173,0.0033724340175953,0.2378299120234604,0.230767556867657,0.25599934240790284,0.5934110809232885,0.47813611482351515,validation,best validation log loss within model_28_metrics.csv
safe_plus_form_compact,lightgbm,test,7289,0.8744001616802515,0.5948689806557826,0.43813718928928486,0.00232018561484918,0.2352941176470588,0.00233228152009877,0.236520784744135,0.2190856719854452,0.24303454633166197,0.6132420502653266,0.4920300673418315,test,best validation log loss within model_28_metrics.csv
