model,split,n,log_loss,accuracy,macro_f1
multinom,test,7290,0.8753895248729078,0.5972565157750342,0.4385064319087364
lightgbm,test,7290,0.876087921758668,0.5941015089163237,0.43603480401593697
glmnet_multinomial_ridge,test,7290,0.8766585783555388,0.5954732510288065,0.43650743786616325
lightgbm,validation,7048,0.8939337519750316,0.585272417707151,0.42717395481561865
multinom,validation,7048,0.8953290663527264,0.583427922814983,0.42464202754188685
glmnet_multinomial_ridge,validation,7048,0.8959725257627442,0.5847048808172531,0.42478069385666273
