feature_variant,model,split,n,log_loss,accuracy,macro_f1,draw_recall,draw_precision,predicted_draw_rate,actual_draw_rate,mean_pred_D,median_pred_D,mean_max_pred_prob,mean_true_class_prob,selection_type
safe_plus_form_compact,lightgbm,validation,6820,0.8915169777591728,0.5856304985337243,0.43001525887748665,0.004932182490752158,0.34782608695652173,0.003372434017595308,0.2378299120234604,0.230767556867657,0.25599934240790284,0.5934110809232885,0.47813611482351515,overall_best
baseline_safe,lightgbm,validation,6820,0.8935344528071227,0.5848973607038123,0.42940130489113576,0.005548705302096177,0.5294117647058824,0.00249266862170088,0.2378299120234604,0.22815904579857954,0.2537730754185886,0.5975733072405539,0.4795216672514788,best_within_variant
safe_plus_form_compact,lightgbm,validation,6820,0.8915169777591728,0.5856304985337243,0.43001525887748665,0.004932182490752158,0.34782608695652173,0.003372434017595308,0.2378299120234604,0.230767556867657,0.25599934240790284,0.5934110809232885,0.47813611482351515,best_within_variant
safe_plus_form_draw,lightgbm,validation,6820,0.8929421811019816,0.5863636363636363,0.432480679405684,0.009247842170160296,0.625,0.0035190615835777126,0.2378299120234604,0.2283369097934119,0.25413392823840625,0.5972820627534255,0.47948843410652053,best_within_variant
