model,split,n,actual_draw_rate,predicted_draw_rate,mean_pred_D,median_pred_D,draw_recall,draw_precision,avg_true_class_prob,avg_max_pred_prob,accuracy
glmnet_multinomial_ridge,test,7290,0.2364883401920439,0,0.2180613695340213,0.23397816016107165,0,0,0.4845762517192283,0.6068599768487569,0.5954732510288065
lightgbm,test,7290,0.2364883401920439,6.858710562414266e-4,0.21311467514259666,0.2399085730922686,5.80046403712297e-4,0.2,0.49455625627013966,0.6194402891223086,0.5941015089163237
multinom,test,7290,0.2364883401920439,0,0.21787651352555062,0.2353181598278713,0,0,0.4914415264379508,0.6183788848173547,0.5972565157750342
glmnet_multinomial_ridge,validation,7048,0.2366628830874007,0,0.22607371866806403,0.24301367141054808,0,0,0.471921992815036,0.591079700424756,0.5847048808172531
lightgbm,validation,7048,0.2366628830874007,7.094211123723042e-4,0.2245808178206314,0.2511022809103163,0.0017985611510791368,0.6,0.48036634352307933,0.5999483237175709,0.585272417707151
multinom,validation,7048,0.2366628830874007,0,0.226742699713368,0.2451741832947945,0,0,0.4780062558322664,0.6015872523494045,0.583427922814983
