feature_variant,model,split,n,log_loss,accuracy,macro_f1,draw_recall,draw_precision,predicted_draw_rate,actual_draw_rate,mean_pred_D,median_pred_D,mean_max_pred_prob,mean_true_class_prob,selection_type
safe_plus_form_compact,lightgbm,validation,7366,0.8930908332850942,0.5859353787673093,0.4332196745042845,0.010297482837528604,0.43902439024390244,0.005566114580505023,0.2373065435786044,0.23048655514312338,0.2559912994705656,0.5942232251321861,0.4781930776274766,overall_best
baseline_safe,lightgbm,validation,7366,0.8953657595891827,0.5857996198751019,0.4292823047422921,0.004004576659038902,0.6363636363636364,0.0014933478142818354,0.2373065435786044,0.22757845215528708,0.25476855650643243,0.5974173740508347,0.4787580456594386,best_within_variant
safe_plus_form_compact,lightgbm,validation,7366,0.8930908332850942,0.5859353787673093,0.4332196745042845,0.010297482837528604,0.43902439024390244,0.005566114580505023,0.2373065435786044,0.23048655514312338,0.2559912994705656,0.5942232251321861,0.4781930776274766,best_within_variant
safe_plus_form_draw,lightgbm,validation,7366,0.8946528577628257,0.5863426554439316,0.43153765706393715,0.006864988558352402,0.5454545454545454,0.002986695628563671,0.2373065435786044,0.22833037536902304,0.25409597274970475,0.5970003332886195,0.4786954595206207,best_within_variant
