feature_variant,model,split,n,log_loss,accuracy,macro_f1,draw_recall,draw_precision,predicted_draw_rate,actual_draw_rate,mean_pred_D,median_pred_D,mean_max_pred_prob,mean_true_class_prob,selection_type
draw_abs_only,lightgbm,validation,7048,0.8935013818212993,0.5865493757094211,0.42847741922146126,0.0017985611510791368,0.6,7.094211123723042e-4,0.2366628830874007,0.22433826499485607,0.2503195199492106,0.6000180492915138,0.48053588766879235,overall_best
baseline_safe,lightgbm,validation,7048,0.8939337519750316,0.585272417707151,0.42717395481561865,0.0017985611510791368,0.6,7.094211123723042e-4,0.2366628830874007,0.2245808178206314,0.2511022809103163,0.5999483237175709,0.48036634352307933,best_within_variant
draw_abs_only,lightgbm,validation,7048,0.8935013818212993,0.5865493757094211,0.42847741922146126,0.0017985611510791368,0.6,7.094211123723042e-4,0.2366628830874007,0.22433826499485607,0.2503195199492106,0.6000180492915138,0.48053588766879235,best_within_variant
draw_smooth,lightgbm,validation,7048,0.8935113091197823,0.5862656072644722,0.42871545391285987,0.002997601918465228,0.7142857142857143,9.931895573212259e-4,0.2366628830874007,0.22508792256476282,0.25091858191816424,0.6005867614543383,0.48105976036783216,best_within_variant
draw_smooth_neutral,lightgbm,validation,7048,0.8936038561894676,0.5858399545970489,0.42733263554712764,0.0017985611510791368,0.6,7.094211123723042e-4,0.2366628830874007,0.22482628593344434,0.25084973251831244,0.5999424843057871,0.48087801349879095,best_within_variant
