feature_variant,model,split,n,log_loss,accuracy,macro_f1,draw_recall,draw_precision,predicted_draw_rate,actual_draw_rate,mean_pred_D,median_pred_D,mean_max_pred_prob,mean_true_class_prob,selection_type
draw_abs_only,lightgbm,validation,7615,0.8934086472177162,0.5858174655285621,0.42779021849787446,0.0011061946902654867,0.6666666666666666,3.939592908732764e-4,0.23742613263296125,0.22330205590988145,0.24954693100188732,0.5999305449550417,0.48026707459661416,overall_best
baseline_safe,lightgbm,validation,7615,0.8934398018313399,0.5871306631648063,0.4285777491998591,5.530973451327434e-4,0.5,2.62639527248851e-4,0.23742613263296125,0.2234616069229142,0.25048847524213697,0.5999428812709409,0.480128014340134,best_within_variant
draw_abs_only,lightgbm,validation,7615,0.8934086472177162,0.5858174655285621,0.42779021849787446,0.0011061946902654867,0.6666666666666666,3.939592908732764e-4,0.23742613263296125,0.22330205590988145,0.24954693100188732,0.5999305449550417,0.48026707459661416,best_within_variant
draw_smooth,lightgbm,validation,7615,0.8935118951215532,0.5860801050558109,0.42769449948967564,5.530973451327434e-4,1,1.313197636244255e-4,0.23742613263296125,0.22318212334584486,0.24952594652632984,0.6001328793993064,0.480289373750227,best_within_variant
draw_smooth_neutral,lightgbm,validation,7615,0.8936085511476911,0.5838476690741957,0.426176320375852,0.0011061946902654867,0.5,5.25279054497702e-4,0.23742613263296125,0.2232618997292275,0.2506677987354277,0.6001147523582796,0.4805317978278086,best_within_variant
